feature,importance,feature_clean
numerical__purchase_lead,0.11700974294651449,purchase_lead
numerical__length_of_stay,0.09914947883528287,length_of_stay
numerical__flight_hour,0.09625737490185447,flight_hour
categorical__booking_origin_Australia,0.04947120214646282,booking_origin_Australia
numerical__flight_duration,0.04347873408440768,flight_duration
numerical__num_passengers,0.03925535373518272,num_passengers
categorical__booking_origin_Malaysia,0.03916502800806757,booking_origin_Malaysia
numerical__total_extra_services,0.024375645311928328,total_extra_services
categorical__flight_day_Mon,0.013755619051680773,flight_day_Mon
categorical__flight_day_Tue,0.01330510778665597,flight_day_Tue
categorical__flight_day_Thu,0.013173277368917278,flight_day_Thu
numerical__wants_in_flight_meals,0.013081630012310417,wants_in_flight_meals
categorical__flight_day_Wed,0.0130087359315113,flight_day_Wed
categorical__flight_day_Sun,0.012375112168472096,flight_day_Sun
numerical__wants_extra_baggage,0.01236714115010912,wants_extra_baggage
categorical__flight_day_Fri,0.012255141591850698,flight_day_Fri
categorical__flight_day_Sat,0.011986028083769877,flight_day_Sat
numerical__wants_preferred_seat,0.011349939049277374,wants_preferred_seat
categorical__booking_origin_Indonesia,0.007417909394364096,booking_origin_Indonesia
categorical__route_PENTPE,0.007366732465285483,route_PENTPE
categorical__booking_origin_South Korea,0.007190728611311408,booking_origin_South Korea
categorical__sales_channel_Internet,0.006613896660840799,sales_channel_Internet
categorical__sales_channel_Mobile,0.006468839742293143,sales_channel_Mobile
categorical__booking_origin_Japan,0.005900500785631462,booking_origin_Japan
categorical__route_AKLKUL,0.005633149832367187,route_AKLKUL
categorical__booking_origin_China,0.005505514324640276,booking_origin_China
categorical__booking_origin_Thailand,0.005177044056864905,booking_origin_Thailand
categorical__booking_origin_Taiwan,0.005040271878121954,booking_origin_Taiwan
categorical__booking_origin_Singapore,0.004611539413581391,booking_origin_Singapore
categorical__booking_origin_New Zealand,0.004201564141754995,booking_origin_New Zealand
categorical__route_ICNPEN,0.0041741638753950774,route_ICNPEN
categorical__route_ICNSIN,0.003798014028394679,route_ICNSIN
categorical__route_ICNSYD,0.0036220836394660967,route_ICNSYD
categorical__booking_origin_India,0.0033567932944916406,booking_origin_India
categorical__route_MELTPE,0.0031033956325487765,route_MELTPE
categorical__route_HKTICN,0.0029518476121804097,route_HKTICN
categorical__booking_origin_Vietnam,0.0029255562723063877,booking_origin_Vietnam
categorical__route_MELPEN,0.0028890954362520787,route_MELPEN
categorical__route_DMKKIX,0.002625030068951006,route_DMKKIX
categorical__route_BKIICN,0.002576511833813221,route_BKIICN
categorical__route_ICNLGK,0.0024488923855323554,route_ICNLGK
categorical__route_DPSICN,0.0022752704253691785,route_DPSICN
categorical__route_HNDPEN,0.002215188341834736,route_HNDPEN
categorical__route_PENSYD,0.0021541575420176633,route_PENSYD
categorical__booking_origin_United States,0.002121634966854266,booking_origin_United States
categorical__route_MELSGN,0.0021142408025128156,route_MELSGN
categorical__route_DMKPER,0.0020881928085940854,route_DMKPER
categorical__route_SGNSYD,0.0020462689360982306,route_SGNSYD
categorical__route_JHBKTM,0.0020207594089589596,route_JHBKTM
categorical__route_CGKHND,0.0019278509893227644,route_CGKHND
categorical__route_PENPER,0.001925741638689442,route_PENPER
categorical__route_ICNKCH,0.0019201628098928058,route_ICNKCH
categorical__booking_origin_Hong Kong,0.0019038440292545923,booking_origin_Hong Kong
categorical__route_DMKOOL,0.0018970023805474174,route_DMKOOL
categorical__route_CGKICN,0.0018413034497926698,route_CGKICN
categorical__route_CGKKIX,0.0018282771219612717,route_CGKKIX
categorical__booking_origin_Philippines,0.001828120465438052,booking_origin_Philippines
categorical__route_COKSYD,0.0017570900969372568,route_COKSYD
categorical__route_DMKSYD,0.0017382962455742708,route_DMKSYD
categorical__route_PENPVG,0.0016782521569808561,route_PENPVG
categorical__route_ICNMLE,0.001667157968075792,route_ICNMLE
categorical__route_ICNJHB,0.001652164848982375,route_ICNJHB
categorical__route_DPSHND,0.0016367416292989167,route_DPSHND
categorical__route_CTSDMK,0.001635604293559297,route_CTSDMK
categorical__route_COKMEL,0.0016138243576518017,route_COKMEL
categorical__route_ICNPER,0.0015860605029486185,route_ICNPER
categorical__route_DPSPVG,0.001569030957468637,route_DPSPVG
categorical__route_KIXPEN,0.001552658023562895,route_KIXPEN
categorical__route_KIXSIN,0.0015468311717511951,route_KIXSIN
categorical__route_MELMNL,0.0015438850679963647,route_MELMNL
categorical__route_OOLSGN,0.0015275528340827759,route_OOLSGN
categorical__route_DPSKIX,0.0015209498902578182,route_DPSKIX
categorical__route_KCHMEL,0.0014632678154206128,route_KCHMEL
categorical__route_CMBMEL,0.001442032338737293,route_CMBMEL
categorical__route_DPSPEK,0.0014022767626433138,route_DPSPEK
categorical__route_DMKICN,0.0013902171485735571,route_DMKICN
categorical__route_BKIPUS,0.001388628671511992,route_BKIPUS
categorical__trip_type_RoundTrip,0.0013815043145140342,trip_type_RoundTrip
categorical__route_HNDSIN,0.0013716528843381382,route_HNDSIN
categorical__route_PEKPEN,0.0012911355505519518,route_PEKPEN
categorical__booking_origin_Macau,0.0012891219138161795,booking_origin_Macau
categorical__route_CGKMEL,0.0012773092912395756,route_CGKMEL
categorical__route_KCHTPE,0.0012547391015164566,route_KCHTPE
categorical__route_CGKSYD,0.0012405398372641134,route_CGKSYD
categorical__route_KCHPER,0.001239930963950938,route_KCHPER
categorical__route_DELMEL,0.0012220950337550579,route_DELMEL
categorical__route_BKIMEL,0.0012114758519920481,route_BKIMEL
categorical__route_DMKMEL,0.0012049794939651736,route_DMKMEL
categorical__route_OOLPEN,0.001194574023095149,route_OOLPEN
categorical__route_DELDPS,0.001191486929044423,route_DELDPS
categorical__route_HKTPER,0.0011822120264951138,route_HKTPER
categorical__route_HKTPEK,0.0011775223024794888,route_HKTPEK
categorical__route_ICNMEL,0.0011732607527895377,route_ICNMEL
categorical__route_PERTPE,0.001162847313228064,route_PERTPE
categorical__route_HKTKIX,0.0011606033635503609,route_HKTKIX
categorical__route_DPSPUS,0.0011569794776416114,route_DPSPUS
categorical__route_DPSTPE,0.00115638957688774,route_DPSTPE
categorical__route_HKGMEL,0.0011546529768611156,route_HKGMEL
categorical__route_KTMPEN,0.0011314808969838195,route_KTMPEN
categorical__route_HKTSYD,0.0011275103169056844,route_HKTSYD
categorical__route_CMBSYD,0.0011034859399411438,route_CMBSYD
categorical__route_PERSGN,0.0010985196842233198,route_PERSGN
categorical__booking_origin_Cambodia,0.0010920402772398629,booking_origin_Cambodia
categorical__route_BKIPER,0.0010878151656735866,route_BKIPER
categorical__route_KNOTPE,0.0010741093861907228,route_KNOTPE
categorical__route_HNDPER,0.0010701105835978168,route_HNDPER
categorical__route_HYDSYD,0.0010395244547902881,route_HYDSYD
categorical__route_LGKTPE,0.001039156205518006,route_LGKTPE
categorical__route_PUSSIN,0.0010278726839443974,route_PUSSIN
categorical__route_KCHOOL,0.0010229261347771614,route_KCHOOL
categorical__route_KTMMFM,0.0010220510843155718,route_KTMMFM
categorical__route_HKTOOL,0.0009859038175558067,route_HKTOOL
categorical__route_DELSYD,0.0009784792829282847,route_DELSYD
categorical__route_JHBTPE,0.000964025626691801,route_JHBTPE
categorical__route_MELSBW,0.0009474603314918352,route_MELSBW
categorical__route_SBWTPE,0.0009407752685721302,route_SBWTPE
categorical__route_HKGPER,0.000933590723501907,route_HKGPER
categorical__route_PENPUS,0.0009209213225077533,route_PENPUS
categorical__route_PNHSYD,0.0009176952123371719,route_PNHSYD
categorical__route_MYYPER,0.0009078848141768402,route_MYYPER
categorical__route_BKIOOL,0.000906222797668082,route_BKIOOL
categorical__route_ICNKNO,0.0008995884633710486,route_ICNKNO
categorical__booking_origin_United Kingdom,0.0008992752324133678,booking_origin_United Kingdom
categorical__route_PERPNH,0.0008945683762366522,route_PERPNH
categorical__booking_origin_Brunei,0.0008930217833419138,booking_origin_Brunei
categorical__route_BKIHND,0.0008881912122229445,route_BKIHND
categorical__trip_type_OneWay,0.0008833318132196666,trip_type_OneWay
categorical__route_COKPER,0.0008819924453472808,route_COKPER
categorical__route_BKIKIX,0.0008611923188595453,route_BKIKIX
categorical__route_MAASYD,0.0008561003395701739,route_MAASYD
categorical__route_BKIPEK,0.0008545906762330571,route_BKIPEK
categorical__route_CGKPVG,0.000836544470542422,route_CGKPVG
categorical__route_PEKTWU,0.0008363492090243456,route_PEKTWU
categorical__route_CGKOOL,0.0008346129557712477,route_CGKOOL
categorical__route_DPSMEL,0.0008250875548423544,route_DPSMEL
categorical__route_DMKHND,0.0008236462845164841,route_DMKHND
categorical__route_BLRMEL,0.0008170522987915686,route_BLRMEL
categorical__route_BKISYD,0.0008035075117231683,route_BKISYD
categorical__route_CGKPEK,0.0007987715195576501,route_CGKPEK
categorical__route_PERSBW,0.0007943344712466588,route_PERSBW
categorical__route_ICNOOL,0.0007921620692431376,route_ICNOOL
categorical__route_PEKSIN,0.0007824602300945511,route_PEKSIN
categorical__route_SYDTPE,0.0007791624311883657,route_SYDTPE
categorical__route_JHBPUS,0.0007784112846206145,route_JHBPUS
categorical__route_CEBMEL,0.0007783432483237273,route_CEBMEL
categorical__route_HNDLGK,0.0007771380630005182,route_HNDLGK
categorical__route_CEBOOL,0.0007670508204926821,route_CEBOOL
categorical__route_CCUSYD,0.0007561743113330213,route_CCUSYD
categorical__route_KCHPEK,0.0007527124927073265,route_KCHPEK
categorical__route_HANOOL,0.0007272313776772257,route_HANOOL
categorical__route_HKTTPE,0.0007174719623784649,route_HKTTPE
categorical__route_MAAPER,0.0007169121996911478,route_MAAPER
categorical__route_CGKTPE,0.000705337800970261,route_CGKTPE
categorical__route_HKTMEL,0.0006993630278815418,route_HKTMEL
categorical__route_DPSHGH,0.0006936744786623497,route_DPSHGH
categorical__route_MNLOOL,0.0006838064354857328,route_MNLOOL
categorical__route_OOLTPE,0.0006809165956091137,route_OOLTPE
categorical__route_BTUPER,0.0006772159991788936,route_BTUPER
categorical__route_KNOSYD,0.0006661088092236912,route_KNOSYD
categorical__route_MELPNH,0.0006599844935353514,route_MELPNH
categorical__route_HKTHND,0.0006562321819784658,route_HKTHND
categorical__route_PVGSIN,0.0006546605393073656,route_PVGSIN
categorical__route_JHBKIX,0.0006542004918671723,route_JHBKIX
categorical__route_CNXMEL,0.0006334957133701473,route_CNXMEL
categorical__route_DACSYD,0.0006292777479108577,route_DACSYD
categorical__route_BKICTS,0.0006260549635166171,route_BKICTS
categorical__route_MELMFM,0.0006216174565048127,route_MELMFM
categorical__route_CTSPEN,0.0006132907525868382,route_CTSPEN
categorical__route_KCHPVG,0.0006128553567052759,route_KCHPVG
categorical__route_MNLPER,0.0006041586551017333,route_MNLPER
categorical__route_BDOKIX,0.0006029002294777949,route_BDOKIX
categorical__route_HYDMEL,0.0006026238507373546,route_HYDMEL
categorical__route_TGGTPE,0.0005996929058829963,route_TGGTPE
categorical__route_HKGSYD,0.0005974186020418059,route_HKGSYD
categorical__route_HNDSUB,0.000597262255919885,route_HNDSUB
categorical__route_HNDREP,0.0005932269019790841,route_HNDREP
categorical__route_KBVPEK,0.0005909177788281236,route_KBVPEK
categorical__route_DMKPEK,0.0005887632431721058,route_DMKPEK
categorical__route_CANPER,0.0005885147490788529,route_CANPER
categorical__route_CTUSYD,0.0005866851129495082,route_CTUSYD
categorical__route_KCHSYD,0.0005854995823159862,route_KCHSYD
categorical__route_ICNSBW,0.0005804287033588075,route_ICNSBW
categorical__route_KBVPVG,0.0005785308838575185,route_KBVPVG
categorical__route_HNDKCH,0.0005753063619274707,route_HNDKCH
categorical__route_MELTRZ,0.000573463513594279,route_MELTRZ
categorical__route_MAAMEL,0.0005704901465422567,route_MAAMEL
categorical__route_CTSSIN,0.00056956036329329,route_CTSSIN
categorical__route_PEKSYD,0.0005664872635609647,route_PEKSYD
categorical__route_LGKPUS,0.000566255792611887,route_LGKPUS
categorical__route_CTUDPS,0.0005645416768267522,route_CTUDPS
categorical__route_REPTPE,0.0005586637211388372,route_REPTPE
categorical__booking_origin_(not set),0.0005586463917019678,booking_origin_(not set)
categorical__route_HNDMEL,0.0005484339001474,route_HNDMEL
categorical__route_LGKPVG,0.0005467818772429179,route_LGKPVG
categorical__route_JHBMEL,0.0005448414445494693,route_JHBMEL
categorical__route_KIXREP,0.0005419225407374183,route_KIXREP
categorical__route_CTUPEN,0.0005412238809139658,route_CTUPEN
categorical__booking_origin_France,0.0005405421080462063,booking_origin_France
categorical__route_CGKPUS,0.0005389762580877793,route_CGKPUS
categorical__route_OOLPNH,0.0005341564243955877,route_OOLPNH
categorical__route_HKGOOL,0.00051847422962183,route_HKGOOL
categorical__route_JOGSYD,0.0005150904770115697,route_JOGSYD
categorical__route_CGKDEL,0.0005137387960458177,route_CGKDEL
categorical__route_CNXPER,0.0005127853478900548,route_CNXPER
categorical__route_DPSSYD,0.0005109830768282809,route_DPSSYD
categorical__route_LGKPEK,0.0005073699997441741,route_LGKPEK
categorical__route_HANSYD,0.0005067183180963138,route_HANSYD
categorical__route_KIXPER,0.0005022350499901435,route_KIXPER
categorical__route_KIXSGN,0.000502182751972595,route_KIXSGN
categorical__route_ICNKBV,0.0005004331408069263,route_ICNKBV
categorical__route_KIXRGN,0.0005000384256602465,route_KIXRGN
categorical__route_DELMNL,0.0004972477836245545,route_DELMNL
categorical__route_HKTPVG,0.0004959037268156686,route_HKTPVG
categorical__route_COKOOL,0.0004921094546914321,route_COKOOL
categorical__route_ICNKBR,0.0004907686752079842,route_ICNKBR
categorical__route_CGKPER,0.00047578756206187076,route_CGKPER
categorical__route_MAATPE,0.00047251426189429477,route_MAATPE
categorical__route_MELPEK,0.00047174417569283795,route_MELPEK
categorical__route_PVGSYD,0.00046627521055831454,route_PVGSYD
categorical__booking_origin_Myanmar (Burma),0.00046318908104847243,booking_origin_Myanmar (Burma)
categorical__route_CGKCTS,0.0004602218775519898,route_CGKCTS
categorical__route_BLRSYD,0.0004546189940182279,route_BLRSYD
categorical__route_KIXSUB,0.00045453467675677793,route_KIXSUB
categorical__route_PEKTGG,0.0004543723375023865,route_PEKTGG
categorical__route_MELSIN,0.0004515200618330123,route_MELSIN
categorical__route_AORMEL,0.00045054840934191854,route_AORMEL
categorical__route_HKTPUS,0.00044227271658297775,route_HKTPUS
categorical__route_CCUMEL,0.00044111447139266816,route_CCUMEL
categorical__route_JHBPEK,0.0004410298571281513,route_JHBPEK
categorical__route_CNXHND,0.00044074449397402105,route_CNXHND
categorical__route_SINSYD,0.00044023407306665566,route_SINSYD
categorical__route_HGHPEN,0.00043998921717546663,route_HGHPEN
categorical__route_HYDPER,0.00043564281410763783,route_HYDPER
categorical__route_PERPVG,0.0004320258250033923,route_PERPVG
categorical__route_PVGSUB,0.00043101022689059736,route_PVGSUB
categorical__route_CNXKIX,0.0004284666422849253,route_CNXKIX
categorical__route_DMKTPE,0.0004268024573959474,route_DMKTPE
categorical__route_BDOMEL,0.0004249352661124102,route_BDOMEL
categorical__route_CMBPER,0.000424839728725166,route_CMBPER
categorical__route_CTUTWU,0.0004247122110735493,route_CTUTWU
categorical__route_DELPER,0.0004247033906718014,route_DELPER
categorical__route_JHBPVG,0.0004230480858714937,route_JHBPVG
categorical__route_PVGTWU,0.0004213217156673724,route_PVGTWU
categorical__route_CMBOOL,0.00041857127702661444,route_CMBOOL
categorical__route_DMKPUS,0.00041480013160839096,route_DMKPUS
categorical__route_PERPUS,0.0004104173746579414,route_PERPUS
categorical__route_CGKKTM,0.0004057729230740817,route_CGKKTM
categorical__route_CRKOOL,0.00040488709153605357,route_CRKOOL
categorical__route_HGHHKT,0.00039979982550558105,route_HGHHKT
categorical__route_DADMEL,0.0003996348668120838,route_DADMEL
categorical__route_BDOICN,0.00039949679776970565,route_BDOICN
categorical__route_JOGPVG,0.00039441075366721077,route_JOGPVG
categorical__booking_origin_Germany,0.0003941955062368892,booking_origin_Germany
categorical__route_MELPVG,0.0003853794562707528,route_MELPVG
categorical__route_CNXOOL,0.0003842965675359904,route_CNXOOL
categorical__route_KNOPEK,0.00038351307415113335,route_KNOPEK
categorical__booking_origin_Saudi Arabia,0.00038024246162680144,booking_origin_Saudi Arabia
categorical__route_KCHKIX,0.00037787489387032633,route_KCHKIX
categorical__route_LGKPER,0.00037723617344519845,route_LGKPER
categorical__route_CTUHKT,0.0003768757041360595,route_CTUHKT
categorical__route_MNLSYD,0.0003758561010696907,route_MNLSYD
categorical__route_BDOSYD,0.00036937078311946104,route_BDOSYD
categorical__route_HNDPNH,0.0003692529421330947,route_HNDPNH
categorical__booking_origin_Italy,0.0003666569093718602,booking_origin_Italy
categorical__route_ICNMYY,0.0003641235742853563,route_ICNMYY
categorical__route_KIXLGK,0.00036049492133639004,route_KIXLGK
categorical__route_KNOPVG,0.0003602834554042743,route_KNOPVG
categorical__route_BTUICN,0.0003596836161097674,route_BTUICN
categorical__route_HGHMEL,0.0003569646734985828,route_HGHMEL
categorical__route_KCHPUS,0.00035525956148360844,route_KCHPUS
categorical__route_CANSYD,0.00035382207523895987,route_CANSYD
categorical__route_AKLICN,0.00035060720751497803,route_AKLICN
categorical__route_CNXSYD,0.00034912196837141906,route_CNXSYD
categorical__route_HNDSGN,0.00034763791710474954,route_HNDSGN
categorical__booking_origin_Canada,0.0003458110493721415,booking_origin_Canada
categorical__route_KTMSIN,0.0003442666365081976,route_KTMSIN
categorical__route_CTUKCH,0.0003430125679306577,route_CTUKCH
categorical__route_CTUMEL,0.000341860613725288,route_CTUMEL
categorical__route_KBRMEL,0.00034144984459108106,route_KBRMEL
categorical__route_CTSDPS,0.00033715350680952715,route_CTSDPS
categorical__route_SYDTRZ,0.0003367881075595626,route_SYDTRZ
categorical__route_JOGKIX,0.00033648109141245407,route_JOGKIX
categorical__route_JOGTPE,0.00032873387859846373,route_JOGTPE
categorical__route_ICNSUB,0.0003285459049582959,route_ICNSUB
categorical__route_HNDKNO,0.0003255944407100607,route_HNDKNO
categorical__route_KIXSYD,0.0003224310958697869,route_KIXSYD
categorical__route_DELSIN,0.0003214418609616667,route_DELSIN
categorical__route_KIXPNH,0.0003207257322366028,route_KIXPNH
categorical__route_OOLREP,0.00031480315373179216,route_OOLREP
categorical__route_MELMYY,0.0003126683718529793,route_MELMYY
categorical__route_DPSXIY,0.0003123472925449292,route_DPSXIY
categorical__route_LBUPER,0.00031031054000832967,route_LBUPER
categorical__route_KIXKNO,0.00030982394267448175,route_KIXKNO
categorical__route_KBRTPE,0.00030851201727537237,route_KBRTPE
categorical__route_LGKSYD,0.00030685207472069717,route_LGKSYD
categorical__booking_origin_Mauritius,0.00030652948564400753,booking_origin_Mauritius
categorical__route_KIXMEL,0.0003023729813366839,route_KIXMEL
categorical__route_HGHKCH,0.00029663004290403523,route_HGHKCH
categorical__route_BKIPVG,0.00029610534427451993,route_BKIPVG
categorical__route_CMBKIX,0.00029586997616385736,route_CMBKIX
categorical__booking_origin_Sri Lanka,0.00029517717724146086,booking_origin_Sri Lanka
categorical__route_COKHGH,0.0002936397182701148,route_COKHGH
categorical__route_BWNPER,0.0002934766027911044,route_BWNPER
categorical__route_PUSSYD,0.0002929583247910275,route_PUSSYD
categorical__route_KLOMEL,0.00029071397952532896,route_KLOMEL
categorical__booking_origin_Netherlands,0.0002895203097830723,booking_origin_Netherlands
categorical__route_HDYOOL,0.00028735795443352827,route_HDYOOL
categorical__route_HANPER,0.00028637152132672864,route_HANPER
categorical__route_KBRPEK,0.00028612692246768697,route_KBRPEK
categorical__route_LOPTPE,0.0002826961394916194,route_LOPTPE
categorical__route_COKKIX,0.00028235260554888126,route_COKKIX
categorical__route_HGHTRZ,0.0002821842699957968,route_HGHTRZ
categorical__route_HYDOOL,0.00028060639734143046,route_HYDOOL
categorical__route_HANMEL,0.000280187503113292,route_HANMEL
categorical__route_PENXIY,0.0002789003403399901,route_PENXIY
categorical__route_HGHSUB,0.00027880735770431257,route_HGHSUB
categorical__route_BKICTU,0.0002778295148335443,route_BKICTU
categorical__route_MELVTZ,0.0002777107898873408,route_MELVTZ
categorical__route_BWNTPE,0.0002752803624437887,route_BWNTPE
categorical__route_BLRPER,0.0002742902071035105,route_BLRPER
categorical__route_PERTRZ,0.0002734872178107064,route_PERTRZ
categorical__route_MAAOOL,0.0002730792622622333,route_MAAOOL
categorical__route_HGHPER,0.0002716578658111472,route_HGHPER
categorical__route_PEKSUB,0.00027042561932762074,route_PEKSUB
categorical__route_DACMEL,0.0002701602532684652,route_DACMEL
categorical__booking_origin_United Arab Emirates,0.00027003944712617676,booking_origin_United Arab Emirates
categorical__route_CGKHGH,0.00026959402823231173,route_CGKHGH
categorical__booking_origin_Laos,0.0002679261604610051,booking_origin_Laos
categorical__route_HNDSYD,0.00026768805216167,route_HNDSYD
categorical__route_SINWUH,0.00026661858494876655,route_SINWUH
categorical__route_CMBPEK,0.00026572108164785445,route_CMBPEK
categorical__route_KBRKIX,0.0002656684560429408,route_KBRKIX
categorical__route_KIXSBW,0.00026559760434457955,route_KIXSBW
categorical__route_PEKSBW,0.00026465289159887095,route_PEKSBW
categorical__route_CNXPEK,0.00026415342228004767,route_CNXPEK
categorical__route_PERSZX,0.00026303084343275043,route_PERSZX
categorical__route_DMKIKA,0.00026121763528026525,route_DMKIKA
categorical__route_KNOPER,0.0002605297159075683,route_KNOPER
categorical__route_KBVPER,0.0002604795259285635,route_KBVPER
categorical__route_BDOPVG,0.0002603238061520525,route_BDOPVG
categorical__route_DMKPVG,0.0002557774844426405,route_DMKPVG
categorical__trip_type_CircleTrip,0.0002534758198248331,trip_type_CircleTrip
categorical__route_MYYOOL,0.00025247615024333455,route_MYYOOL
categorical__route_MELSUB,0.00025228167518265195,route_MELSUB
categorical__route_HGHOOL,0.00025117585981808367,route_HGHOOL
categorical__route_DADOOL,0.00024934887296751564,route_DADOOL
categorical__route_HNDSBW,0.00024880913879958175,route_HNDSBW
categorical__route_KIXLOP,0.0002469297959201436,route_KIXLOP
categorical__route_BWNCKG,0.00024353112309136914,route_BWNCKG
categorical__route_CTSJHB,0.00024214038216041235,route_CTSJHB
categorical__route_DPSWUH,0.00024151941082712933,route_DPSWUH
categorical__route_OOLRGN,0.00024101964930594875,route_OOLRGN
categorical__route_CNXTPE,0.0002408200391327381,route_CNXTPE
categorical__route_OOLSIN,0.00024013940159041072,route_OOLSIN
categorical__booking_origin_Sweden,0.00023808406462279947,booking_origin_Sweden
categorical__route_KIXMYY,0.00023755259769556625,route_KIXMYY
categorical__route_JHBSYD,0.00023594279680592219,route_JHBSYD
categorical__route_KNOMEL,0.00023541966789143669,route_KNOMEL
categorical__route_MFMOOL,0.0002329138531980066,route_MFMOOL
categorical__route_MELREP,0.00023078318430553172,route_MELREP
categorical__route_HKTWUH,0.0002299436080900549,route_HKTWUH
categorical__route_MRUSYD,0.0002291289873045063,route_MRUSYD
categorical__route_KIXOOL,0.00022900504883664998,route_KIXOOL
categorical__route_CMBPVG,0.00022892610950178783,route_CMBPVG
categorical__route_PEKTRZ,0.00022867756839213289,route_PEKTRZ
categorical__route_LOPPEK,0.00022605463365674668,route_LOPPEK
categorical__route_COKICN,0.0002249673930831733,route_COKICN
categorical__route_HGHJOG,0.00022326869795604015,route_HGHJOG
categorical__route_SBWSYD,0.00022256663825613642,route_SBWSYD
categorical__route_OOLVTE,0.00022222670295271054,route_OOLVTE
categorical__route_IKASYD,0.00022162345346675422,route_IKASYD
categorical__route_SINXIY,0.00021976652317005514,route_SINXIY
categorical__route_CTUSIN,0.00021815610477780598,route_CTUSIN
categorical__route_HNDRGN,0.0002181245053119999,route_HNDRGN
categorical__route_MRUPEK,0.00021408215944775623,route_MRUPEK
categorical__route_MELMRU,0.00021308869134006425,route_MELMRU
categorical__route_REPSYD,0.0002101367328458307,route_REPSYD
categorical__route_DELSGN,0.00020966076802793318,route_DELSGN
categorical__route_BDOHGH,0.0002089884168986158,route_BDOHGH
categorical__route_LGKMEL,0.00020895546662565685,route_LGKMEL
categorical__route_BWNKTM,0.00020871794047790592,route_BWNKTM
categorical__route_SUBTPE,0.00020683793698996527,route_SUBTPE
categorical__route_DADSYD,0.00020485465625314961,route_DADSYD
categorical__route_HNDJOG,0.00020321175071210537,route_HNDJOG
categorical__route_MRUSIN,0.00020118383145355378,route_MRUSIN
categorical__route_BBISYD,0.00020056390987297214,route_BBISYD
categorical__route_BDOPER,0.00020009501611720744,route_BDOPER
categorical__booking_origin_Qatar,0.00019907227419620871,booking_origin_Qatar
categorical__route_CTSKCH,0.0001983452266633058,route_CTSKCH
categorical__route_PERRGN,0.00019827384981840093,route_PERRGN
categorical__route_MFMPER,0.00019813085852381243,route_MFMPER
categorical__booking_origin_Nepal,0.0001966859086263681,booking_origin_Nepal
categorical__route_CGKXIY,0.00019652417582218762,route_CGKXIY
categorical__route_DELPEN,0.00019631326424362168,route_DELPEN
categorical__route_AKLTPE,0.00019175691856686015,route_AKLTPE
categorical__booking_origin_Switzerland,0.00019067693035398545,booking_origin_Switzerland
categorical__route_PERSDK,0.00019035847342132873,route_PERSDK
categorical__route_IKASIN,0.00019010296511701535,route_IKASIN
categorical__route_SDKSYD,0.00018979526346019396,route_SDKSYD
categorical__route_MELRGN,0.00018768652148458805,route_MELRGN
categorical__route_BWNSYD,0.00018497687105043482,route_BWNSYD
categorical__route_OOLSBW,0.0001848689341420573,route_OOLSBW
categorical__booking_origin_Bangladesh,0.0001840291472229435,booking_origin_Bangladesh
categorical__route_MELTGG,0.00018086289403234813,route_MELTGG
categorical__route_BKIXIY,0.00018055747560126245,route_BKIXIY
categorical__route_PUSTRZ,0.0001798934131265871,route_PUSTRZ
categorical__route_LOPPVG,0.00017961249636520138,route_LOPPVG
categorical__route_CTUTGG,0.0001773191420804981,route_CTUTGG
categorical__route_KCHXIY,0.0001752646311547773,route_KCHXIY
categorical__route_HNDTRZ,0.00017520391454811803,route_HNDTRZ
categorical__route_KNOPUS,0.0001749611018210096,route_KNOPUS
categorical__booking_origin_Denmark,0.00017412136353359923,booking_origin_Denmark
categorical__route_SINTPE,0.00017407494606814383,route_SINTPE
categorical__route_KBVKIX,0.00017365575424224612,route_KBVKIX
categorical__route_ICNTRZ,0.0001735916734414367,route_ICNTRZ
categorical__route_MYYPUS,0.000171705782523988,route_MYYPUS
categorical__route_ICNTGG,0.00017150564736014815,route_ICNTGG
categorical__route_CTSSGN,0.00017058985658158842,route_CTSSGN
categorical__booking_origin_Russia,0.00016851777785958496,booking_origin_Russia
categorical__route_JOGMEL,0.0001684765751936988,route_JOGMEL
categorical__route_CCUTPE,0.00016653061585294692,route_CCUTPE
categorical__route_ICNMAA,0.00016567053054029516,route_ICNMAA
categorical__route_HGHLGK,0.00016379915236137185,route_HGHLGK
categorical__route_HGHSYD,0.0001630829268687382,route_HGHSYD
categorical__route_CTULGK,0.00016290374993937337,route_CTULGK
categorical__route_CMBICN,0.0001627123081048072,route_CMBICN
categorical__route_OOLTRZ,0.00016234165858609498,route_OOLTRZ
categorical__route_CGKCTU,0.00016220217528828886,route_CGKCTU
categorical__route_CGKIKA,0.00016214787403602364,route_CGKIKA
categorical__route_PNKTPE,0.00015971788888643215,route_PNKTPE
categorical__route_AORKTM,0.00015871386467045207,route_AORKTM
categorical__route_DPSKTM,0.00015791065285313026,route_DPSKTM
categorical__route_KIXTGG,0.00015789420584867426,route_KIXTGG
categorical__route_AORKIX,0.00015773752157172545,route_AORKIX
categorical__route_OOLSZX,0.00015711769692422137,route_OOLSZX
categorical__route_HDYPER,0.0001564306165951747,route_HDYPER
categorical__route_CTSPER,0.00015593650447311106,route_CTSPER
categorical__route_MRUPVG,0.0001559192530773481,route_MRUPVG
categorical__route_KBVOOL,0.00015182574820080848,route_KBVOOL
categorical__route_CANMRU,0.00015053583982176653,route_CANMRU
categorical__route_MLETPE,0.00015026524239384126,route_MLETPE
categorical__route_JHBXIY,0.00015014692524429644,route_JHBXIY
categorical__route_CTSSYD,0.00014890252195834972,route_CTSSYD
categorical__route_GOIKUL,0.00014842195267936786,route_GOIKUL
categorical__route_DELSUB,0.0001481330778546114,route_DELSUB
categorical__route_PEKREP,0.00014733367385811233,route_PEKREP
categorical__route_CTSHKT,0.00014730683147653925,route_CTSHKT
categorical__route_HNDKBR,0.00014567655533656405,route_HNDKBR
categorical__route_CMBHND,0.00014551150068761232,route_CMBHND
categorical__route_PNHTPE,0.00014461929539485286,route_PNHTPE
categorical__route_DMKMRU,0.0001445839480867674,route_DMKMRU
categorical__route_MRUPEN,0.00014415002544761093,route_MRUPEN
categorical__route_CTUOOL,0.00014409994341680002,route_CTUOOL
categorical__route_PERREP,0.00014328591224993458,route_PERREP
categorical__route_PEKPER,0.00014185144487720733,route_PEKPER
categorical__route_RGNSYD,0.00014159853204588198,route_RGNSYD
categorical__route_HGHTGG,0.00014125204256341655,route_HGHTGG
categorical__route_BDOTPE,0.00014071236933599712,route_BDOTPE
categorical__route_AORICN,0.00013940118756851266,route_AORICN
categorical__route_JOGOOL,0.00013923508473733456,route_JOGOOL
categorical__route_KIXMLE,0.0001383802310962015,route_KIXMLE
categorical__route_ICNVTZ,0.0001373537136155346,route_ICNVTZ
categorical__route_AKLPEK,0.00013552793645447514,route_AKLPEK
categorical__booking_origin_Oman,0.00013514450094956538,booking_origin_Oman
categorical__route_HGHSBW,0.00013471958981073212,route_HGHSBW
categorical__route_DMKHGH,0.00013421841845933743,route_DMKHGH
categorical__route_BKIKTM,0.00013331253768899363,route_BKIKTM
categorical__route_HDYPEK,0.00013314431440705911,route_HDYPEK
categorical__route_SUBSYD,0.00013140223387179655,route_SUBSYD
categorical__route_KTMSGN,0.0001302839677693935,route_KTMSGN
categorical__route_HGHSIN,0.0001264860576662155,route_HGHSIN
categorical__route_COKTPE,0.0001263754980931697,route_COKTPE
categorical__route_KBROOL,0.00012627175570096744,route_KBROOL
categorical__route_CXRMEL,0.0001262438986732606,route_CXRMEL
categorical__route_TPETWU,0.0001239929996454485,route_TPETWU
categorical__route_SUBXIY,0.00012367233255881544,route_SUBXIY
categorical__route_CTUJHB,0.00012295230350825497,route_CTUJHB
categorical__route_COKCTU,0.0001222095410478366,route_COKCTU
categorical__route_OOLPVG,0.00012195376651529746,route_OOLPVG
categorical__booking_origin_Spain,0.00012152126509605952,booking_origin_Spain
categorical__route_CGKCKG,0.00011986438092733522,route_CGKCKG
categorical__route_GOIOOL,0.00011879740286420063,route_GOIOOL
categorical__route_KNOOOL,0.00011857033370238147,route_KNOOOL
categorical__route_JHBOOL,0.00011832875724310864,route_JHBOOL
categorical__route_MELXIY,0.00011793006176769251,route_MELXIY
categorical__route_HNDKBV,0.00011785214633045037,route_HNDKBV
categorical__route_HGHMAA,0.00011753063688549208,route_HGHMAA
categorical__route_CTUKBV,0.00011729266874801262,route_CTUKBV
categorical__route_MELPUS,0.00011717350885269509,route_MELPUS
categorical__route_TPETRZ,0.00011715292123639712,route_TPETRZ
categorical__route_KIXMAA,0.00011654965867395714,route_KIXMAA
categorical__route_IKAOOL,0.00011514589366014417,route_IKAOOL
categorical__route_BDOOOL,0.00011407629976206193,route_BDOOOL
categorical__route_GOIMEL,0.00011368127951412945,route_GOIMEL
categorical__route_OOLURT,0.00011281485309942679,route_OOLURT
categorical__route_BWNMEL,0.00011059301352084893,route_BWNMEL
categorical__route_HGHTWU,0.00010889616052934204,route_HGHTWU
categorical__route_KTMPER,0.00010764946415115628,route_KTMPER
categorical__route_KBRSYD,0.00010761296617231419,route_KBRSYD
categorical__route_DACPER,0.00010712759840461168,route_DACPER
categorical__route_OOLPUS,0.00010700221151055495,route_OOLPUS
categorical__route_LOPOOL,0.00010505493858780812,route_LOPOOL
categorical__route_MYYSYD,0.00010446653089221117,route_MYYSYD
categorical__route_PUSSUB,0.00010424871658176724,route_PUSSUB
categorical__route_CKGPEN,0.00010388439398903253,route_CKGPEN
categorical__route_PERVTZ,0.00010382934302602279,route_PERVTZ
categorical__route_CGKJED,0.00010330363608298969,route_CGKJED
categorical__route_PUSSBW,0.00010283846958919647,route_PUSSBW
categorical__route_CKGDPS,0.00010270969875764229,route_CKGDPS
categorical__route_DMKKTM,0.0001022005690462042,route_DMKKTM
categorical__route_KBRPUS,0.00010179355792344443,route_KBRPUS
categorical__route_IKAMNL,0.00010156810901015096,route_IKAMNL
categorical__route_HKGMRU,0.00010153123777380096,route_HKGMRU
categorical__route_KBRPVG,0.00010097548691006404,route_KBRPVG
categorical__route_KTMTPE,9.99688250707759e-05,route_KTMTPE
categorical__route_HGHMRU,9.728835857813104e-05,route_HGHMRU
categorical__route_HGHKNO,9.659551642651489e-05,route_HGHKNO
categorical__route_DPSOOL,9.652964210701644e-05,route_DPSOOL
categorical__route_BWNDEL,9.62651075094111e-05,route_BWNDEL
categorical__route_ICNRGN,9.613308166709252e-05,route_ICNRGN
categorical__route_BTUSYD,9.578029390081142e-05,route_BTUSYD
categorical__route_DELKNO,9.495790067080087e-05,route_DELKNO
categorical__route_CANOOL,9.444209543727997e-05,route_CANOOL
categorical__route_IKAMEL,9.409211047101995e-05,route_IKAMEL
categorical__booking_origin_Bahrain,9.32431653282178e-05,booking_origin_Bahrain
categorical__route_CTUTRZ,9.310166264240034e-05,route_CTUTRZ
categorical__route_OOLSDK,9.250736687702576e-05,route_OOLSDK
categorical__route_HKTXIY,9.188826952457104e-05,route_HKTXIY
categorical__route_DELPNH,9.08361035646138e-05,route_DELPNH
categorical__route_TRZWUH,9.064769137061132e-05,route_TRZWUH
categorical__route_CNXPVG,8.903667294997121e-05,route_CNXPVG
categorical__route_DELLGK,8.795160602073614e-05,route_DELLGK
categorical__route_KIXTWU,8.595251635957696e-05,route_KIXTWU
categorical__route_BWNHGH,8.502097989243971e-05,route_BWNHGH
categorical__route_CTSMYY,8.438521471311243e-05,route_CTSMYY
categorical__route_OOLPEK,8.389847622109182e-05,route_OOLPEK
categorical__route_PERTGG,8.389781393856733e-05,route_PERTGG
categorical__route_KTMMYY,8.32392906278178e-05,route_KTMMYY
categorical__route_BWNOOL,8.245556297711451e-05,route_BWNOOL
categorical__route_MELNRT,8.238495587044545e-05,route_MELNRT
categorical__booking_origin_Réunion,8.166745116705311e-05,booking_origin_Réunion
categorical__route_KIXTRZ,8.130741096521566e-05,route_KIXTRZ
categorical__route_BDOIKA,8.056656870096746e-05,route_BDOIKA
categorical__route_IKAPER,8.025677964091971e-05,route_IKAPER
categorical__route_CNXICN,7.989655172188883e-05,route_CNXICN
categorical__route_CCUPER,7.858302979633252e-05,route_CCUPER
categorical__route_CTUSBW,7.857054345705089e-05,route_CTUSBW
categorical__route_PERTWU,7.842007190023785e-05,route_PERTWU
categorical__booking_origin_Romania,7.835072764005503e-05,booking_origin_Romania
categorical__booking_origin_Norway,7.797628835013886e-05,booking_origin_Norway
categorical__route_HKGKTM,7.766902132832966e-05,route_HKGKTM
categorical__route_BDOPEK,7.74645942695302e-05,route_BDOPEK
categorical__route_PERUTP,7.690354163162401e-05,route_PERUTP
categorical__route_SRGTPE,7.658531208774304e-05,route_SRGTPE
categorical__route_MLEPEK,7.607574650873081e-05,route_MLEPEK
categorical__route_PERSIN,7.541996980435099e-05,route_PERSIN
categorical__route_AORPUS,7.45863916140806e-05,route_AORPUS
categorical__route_MRUSZX,7.445377975034359e-05,route_MRUSZX
categorical__route_SYDVTE,7.38744283766046e-05,route_SYDVTE
categorical__route_COKPUS,7.35488963898598e-05,route_COKPUS
categorical__booking_origin_Chile,7.338813093890476e-05,booking_origin_Chile
categorical__route_DELHKG,7.292096197036486e-05,route_DELHKG
categorical__route_HDYSYD,7.196664399286314e-05,route_HDYSYD
categorical__route_CTUMAA,7.193930131897264e-05,route_CTUMAA
categorical__route_KBRPER,7.135452241754809e-05,route_KBRPER
categorical__route_BDOPUS,6.978609839780344e-05,route_BDOPUS
categorical__route_MELTWU,6.965697462814822e-05,route_MELTWU
categorical__route_CCUOOL,6.960781498117396e-05,route_CCUOOL
categorical__route_HGHKBR,6.938553295492404e-05,route_HGHKBR
categorical__route_CMBHGH,6.86162093639918e-05,route_CMBHGH
categorical__route_CEBSYD,6.851214168245023e-05,route_CEBSYD
categorical__route_HDYTPE,6.825625030806404e-05,route_HDYTPE
categorical__route_CTSSUB,6.781916238363194e-05,route_CTSSUB
categorical__route_KIXLPQ,6.723092744167137e-05,route_KIXLPQ
categorical__booking_origin_Belgium,6.697102882895458e-05,booking_origin_Belgium
categorical__route_TGGXIY,6.676414177132859e-05,route_TGGXIY
categorical__route_CKGSIN,6.649757503573715e-05,route_CKGSIN
categorical__route_KBVTPE,6.634811869889584e-05,route_KBVTPE
categorical__route_CTSSBW,6.62801163306517e-05,route_CTSSBW
categorical__route_JEDSUB,6.56545083625598e-05,route_JEDSUB
categorical__route_KTMSUB,6.559548550194756e-05,route_KTMSUB
categorical__route_KOSSYD,6.501236811156188e-05,route_KOSSYD
categorical__route_KBVSYD,6.48750635930749e-05,route_KBVSYD
categorical__route_CTUSGN,6.466490649994206e-05,route_CTUSGN
categorical__route_JHBWUH,6.451917543286817e-05,route_JHBWUH
categorical__route_HGHJHB,6.394697355138839e-05,route_HGHJHB
categorical__route_HGHSGN,6.382867569858541e-05,route_HGHSGN
categorical__route_CKGOOL,6.303812798653981e-05,route_CKGOOL
categorical__route_KCHKTM,6.238192904782306e-05,route_KCHKTM
categorical__route_CTSLGK,6.200907927737286e-05,route_CTSLGK
categorical__route_KTMSYD,6.1981607390309e-05,route_KTMSYD
categorical__route_BKICKG,6.153957431039805e-05,route_BKICKG
categorical__route_ICNSGN,6.001465458930426e-05,route_ICNSGN
categorical__route_CTUURT,5.918151738809997e-05,route_CTUURT
categorical__route_KBVXIY,5.8680868978250475e-05,route_KBVXIY
categorical__route_HNDIKA,5.8231950954933334e-05,route_HNDIKA
categorical__route_RGNTPE,5.7867703431963645e-05,route_RGNTPE
categorical__route_CKGKCH,5.7624055855355405e-05,route_CKGKCH
categorical__route_PVGSGN,5.631802298032042e-05,route_PVGSGN
categorical__route_KTMMEL,5.617632192131418e-05,route_KTMMEL
categorical__route_JHBMRU,5.6110933833853496e-05,route_JHBMRU
categorical__route_LPQTPE,5.56101075678953e-05,route_LPQTPE
categorical__route_DELOOL,5.548166746608818e-05,route_DELOOL
categorical__route_PVGTGG,5.505040029186742e-05,route_PVGTGG
categorical__booking_origin_Kazakhstan,5.466618772169341e-05,booking_origin_Kazakhstan
categorical__route_KTMTGG,5.4411590135846275e-05,route_KTMTGG
categorical__route_DELHKT,5.42387184546727e-05,route_DELHKT
categorical__route_DACKIX,5.380593756040092e-05,route_DACKIX
categorical__route_CTUMLE,5.145943241201268e-05,route_CTUMLE
categorical__route_CTUKNO,5.090014224172995e-05,route_CTUKNO
categorical__route_TWUXIY,5.0524384316855886e-05,route_TWUXIY
categorical__route_BOMSYD,5.033661127784914e-05,route_BOMSYD
categorical__route_LGKOOL,4.9745463521298545e-05,route_LGKOOL
categorical__route_MLEPVG,4.9732426656478435e-05,route_MLEPVG
categorical__route_KNOXIY,4.96408609987936e-05,route_KNOXIY
categorical__booking_origin_Kuwait,4.944959690089291e-05,booking_origin_Kuwait
categorical__booking_origin_Portugal,4.9444719552922504e-05,booking_origin_Portugal
categorical__route_DELMRU,4.9348245066958035e-05,route_DELMRU
categorical__route_LOPSYD,4.9325757459431806e-05,route_LOPSYD
categorical__route_KBVWUH,4.9208425601578333e-05,route_KBVWUH
categorical__route_SDKTPE,4.8496246492540535e-05,route_SDKTPE
categorical__route_CTSOOL,4.760505289947679e-05,route_CTSOOL
categorical__booking_origin_Mexico,4.725207911314031e-05,booking_origin_Mexico
categorical__route_CANMEL,4.716273912688245e-05,route_CANMEL
categorical__route_PENWUH,4.7126775447710156e-05,route_PENWUH
categorical__route_HNDMLE,4.6054205352299553e-05,route_HNDMLE
categorical__route_DELDMK,4.5402102590674735e-05,route_DELDMK
categorical__route_CGKMRU,4.5217136252176734e-05,route_CGKMRU
categorical__route_CKGPNH,4.515769598559279e-05,route_CKGPNH
categorical__route_CTSKBR,4.473072313791391e-05,route_CTSKBR
categorical__booking_origin_Iran,4.414594688328045e-05,booking_origin_Iran
categorical__route_BDOCTU,4.4135952775245585e-05,route_BDOCTU
categorical__route_HANKTM,4.356910860418477e-05,route_HANKTM
categorical__route_ICNKTM,4.2996559617743435e-05,route_ICNKTM
categorical__route_OOLTWU,4.235400355093846e-05,route_OOLTWU
categorical__route_PVGRGN,4.197212740978418e-05,route_PVGRGN
categorical__booking_origin_Turkey,4.1737400617922906e-05,booking_origin_Turkey
categorical__route_PERXIY,4.0865629255797834e-05,route_PERXIY
categorical__route_AKLDEL,4.0823916261691274e-05,route_AKLDEL
categorical__route_CKGMEL,4.07489608840424e-05,route_CKGMEL
categorical__route_HGHKBV,4.059489612790719e-05,route_HGHKBV
categorical__route_NRTSYD,4.048696375549181e-05,route_NRTSYD
categorical__route_HNDKTM,4.033451723415258e-05,route_HNDKTM
categorical__route_CGKWUH,4.027808049706367e-05,route_CGKWUH
categorical__booking_origin_Greece,4.026768785916767e-05,booking_origin_Greece
categorical__route_CTUSUB,3.921479273265203e-05,route_CTUSUB
categorical__route_HDYMEL,3.9098540018739114e-05,route_HDYMEL
categorical__route_DELJHB,3.9026033943506e-05,route_DELJHB
categorical__route_KCHWUH,3.873321540100234e-05,route_KCHWUH
categorical__route_BOMPER,3.859476424347795e-05,route_BOMPER
categorical__route_JOGKTM,3.813751787181713e-05,route_JOGKTM
categorical__route_DPSMRU,3.795404832472999e-05,route_DPSMRU
categorical__route_HDYXIY,3.7478502174306075e-05,route_HDYXIY
categorical__route_KBVKTM,3.7444755408554194e-05,route_KBVKTM
categorical__route_PVGREP,3.706012468940904e-05,route_PVGREP
categorical__route_BKIDEL,3.70099141852797e-05,route_BKIDEL
categorical__booking_origin_Kenya,3.699334591373053e-05,booking_origin_Kenya
categorical__route_MAAPVG,3.68578366399405e-05,route_MAAPVG
categorical__route_BWNWUH,3.65742300245024e-05,route_BWNWUH
categorical__route_DACICN,3.6293780269216066e-05,route_DACICN
categorical__route_DELKIX,3.5994614665085074e-05,route_DELKIX
categorical__route_CKGKNO,3.5903876192104065e-05,route_CKGKNO
categorical__route_IKAPEN,3.576385187093774e-05,route_IKAPEN
categorical__route_MYYXIY,3.574639539796776e-05,route_MYYXIY
categorical__route_CTSKNO,3.533789420099673e-05,route_CTSKNO
categorical__route_CKGJHB,3.5045619093670115e-05,route_CKGJHB
categorical__route_IKASUB,3.477814104689801e-05,route_IKASUB
categorical__route_HGHLOP,3.434785788977383e-05,route_HGHLOP
categorical__route_CTULOP,3.42280600685162e-05,route_CTULOP
categorical__route_DELHND,3.41463616908314e-05,route_DELHND
categorical__route_CKGSUB,3.402376865988399e-05,route_CKGSUB
categorical__route_ICNIKA,3.395781752984399e-05,route_ICNIKA
categorical__route_HKGIKA,3.2880698097765843e-05,route_HKGIKA
categorical__route_DACOOL,3.26443628000381e-05,route_DACOOL
categorical__route_CTUMYY,3.242354107448849e-05,route_CTUMYY
categorical__route_AKLPVG,3.165124661596842e-05,route_AKLPVG
categorical__route_KTMURT,3.153559005867329e-05,route_KTMURT
categorical__booking_origin_Mongolia,3.129476945312135e-05,booking_origin_Mongolia
categorical__route_CKGCOK,3.118250599155473e-05,route_CKGCOK
categorical__booking_origin_Ireland,3.085557133603177e-05,booking_origin_Ireland
categorical__route_MRUSUB,3.07002856688696e-05,route_MRUSUB
categorical__booking_origin_Poland,3.0475111911008688e-05,booking_origin_Poland
categorical__route_DACHND,3.0349969713656365e-05,route_DACHND
categorical__route_CKGMRU,3.028112031196224e-05,route_CKGMRU
categorical__booking_origin_Vanuatu,2.98635183229941e-05,booking_origin_Vanuatu
categorical__route_CTUREP,2.975758421895978e-05,route_CTUREP
categorical__route_CMBCTU,2.9673509592901404e-05,route_CMBCTU
categorical__route_PUSSGN,2.9544316800824117e-05,route_PUSSGN
categorical__booking_origin_Iraq,2.9363625020129195e-05,booking_origin_Iraq
categorical__route_CTSJOG,2.9331480251625774e-05,route_CTSJOG
categorical__route_CANDEL,2.9301031967776255e-05,route_CANDEL
categorical__route_PUSRGN,2.928088788823352e-05,route_PUSRGN
categorical__route_IKATPE,2.8329755475051325e-05,route_IKATPE
categorical__route_CKGMYY,2.8299739353175455e-05,route_CKGMYY
categorical__booking_origin_Czech Republic,2.7933469511114447e-05,booking_origin_Czech Republic
categorical__route_CKGSGN,2.784835687902545e-05,route_CKGSGN
categorical__route_CKGTRZ,2.7798944279224705e-05,route_CKGTRZ
categorical__route_CKGTWU,2.7731239143340265e-05,route_CKGTWU
categorical__route_PVGURT,2.748291142156289e-05,route_PVGURT
categorical__route_SYDSZX,2.7322802878701572e-05,route_SYDSZX
categorical__route_CKGPER,2.7203166556854118e-05,route_CKGPER
categorical__booking_origin_Austria,2.6878187156003856e-05,booking_origin_Austria
categorical__route_TRZXIY,2.6102120710708995e-05,route_TRZXIY
categorical__route_KBVPUS,2.594979110705571e-05,route_KBVPUS
categorical__route_CANIKA,2.5579588204059387e-05,route_CANIKA
categorical__route_CKGLGK,2.5085822299343724e-05,route_CKGLGK
categorical__route_CKGSBW,2.4986797152236677e-05,route_CKGSBW
categorical__route_KCHMRU,2.468813330289932e-05,route_KCHMRU
categorical__booking_origin_Finland,2.4631813300966367e-05,booking_origin_Finland
categorical__route_MRUPER,2.452366680667119e-05,route_MRUPER
categorical__route_KHHMEL,2.4436774865056072e-05,route_KHHMEL
categorical__route_ICNSDK,2.4251936727314146e-05,route_ICNSDK
categorical__route_HDYPVG,2.4217014768572303e-05,route_HDYPVG
categorical__route_MAAWUH,2.3843028058136833e-05,route_MAAWUH
categorical__route_CTUPER,2.3633939907011155e-05,route_CTUPER
categorical__route_SBWXIY,2.3516384532440283e-05,route_SBWXIY
categorical__route_DELKBV,2.344446389455994e-05,route_DELKBV
categorical__route_CKGSYD,2.3424361370742468e-05,route_CKGSYD
categorical__booking_origin_Pakistan,2.3350889477348633e-05,booking_origin_Pakistan
categorical__route_KTMREP,2.328405096063548e-05,route_KTMREP
categorical__route_DELSBW,2.3183537649648115e-05,route_DELSBW
categorical__route_IKAPVG,2.1870829930609485e-05,route_IKAPVG
categorical__route_KBRKTM,2.1846828917514578e-05,route_KBRKTM
categorical__route_MLESYD,2.1806491042287782e-05,route_MLESYD
categorical__route_KLOOOL,2.1542069645072405e-05,route_KLOOOL
categorical__route_HNDOOL,2.1333905359628213e-05,route_HNDOOL
categorical__route_CNXPUS,2.073319027291434e-05,route_CNXPUS
categorical__route_MELMLE,2.0727367121355116e-05,route_MELMLE
categorical__route_HYDWUH,2.0654334572021288e-05,route_HYDWUH
categorical__route_OOLUTP,2.0510222518939173e-05,route_OOLUTP
categorical__route_KIXLBU,2.0263736485208816e-05,route_KIXLBU
categorical__route_BLRICN,2.009370464336251e-05,route_BLRICN
categorical__route_AKLKIX,1.9840680780321957e-05,route_AKLKIX
categorical__route_JEDPEN,1.9785540126329074e-05,route_JEDPEN
categorical__route_CKGMAA,1.9571308201658293e-05,route_CKGMAA
categorical__route_DELMFM,1.9480831114020717e-05,route_DELMFM
categorical__route_PERSUB,1.947988976356169e-05,route_PERSUB
categorical__route_DACTPE,1.8993134223575474e-05,route_DACTPE
categorical__route_DELMYY,1.8194336620258966e-05,route_DELMYY
categorical__route_KBRXIY,1.816817354604505e-05,route_KBRXIY
categorical__route_DELKCH,1.803963169783269e-05,route_DELKCH
categorical__route_JEDJOG,1.792264945493347e-05,route_JEDJOG
categorical__route_DACHGH,1.7875222583417722e-05,route_DACHGH
categorical__route_DACPUS,1.7740391740389177e-05,route_DACPUS
categorical__route_BDOCTS,1.751154236335376e-05,route_BDOCTS
categorical__route_AKLKTM,1.738484998718261e-05,route_AKLKTM
categorical__booking_origin_New Caledonia,1.7347572366414195e-05,booking_origin_New Caledonia
categorical__route_CTUMRU,1.7151132431068806e-05,route_CTUMRU
categorical__route_KHHPER,1.69932707663868e-05,route_KHHPER
categorical__booking_origin_Brazil,1.695932574693403e-05,booking_origin_Brazil
categorical__route_LOPPER,1.678134477067768e-05,route_LOPPER
categorical__booking_origin_Ukraine,1.6653633209655406e-05,booking_origin_Ukraine
categorical__route_ICNREP,1.6534416460439012e-05,route_ICNREP
categorical__route_HDYKTM,1.6478958969808602e-05,route_HDYKTM
categorical__route_KBVMEL,1.6298140896297693e-05,route_KBVMEL
categorical__route_CSXMRU,1.628351191130477e-05,route_CSXMRU
categorical__route_KNOKTM,1.621864310603343e-05,route_KNOKTM
categorical__route_CMBMRU,1.6180956582170437e-05,route_CMBMRU
categorical__route_HKTMRU,1.6068776594738945e-05,route_HKTMRU
categorical__route_CRKSYD,1.5916900413247544e-05,route_CRKSYD
categorical__route_HDYKIX,1.57556273051437e-05,route_HDYKIX
categorical__route_BTUCKG,1.551229086342885e-05,route_BTUCKG
categorical__route_IKASGN,1.537965056907013e-05,route_IKASGN
categorical__booking_origin_Peru,1.5158398997131648e-05,booking_origin_Peru
categorical__route_MRUOOL,1.4903328086459155e-05,route_MRUOOL
categorical__route_MLEPER,1.4799964773908104e-05,route_MLEPER
categorical__route_CRKMEL,1.4759329455188088e-05,route_CRKMEL
categorical__booking_origin_Hungary,1.4425584996277799e-05,booking_origin_Hungary
categorical__route_KTMTWU,1.4381043221055356e-05,route_KTMTWU
categorical__route_GOIPER,1.4295624029300211e-05,route_GOIPER
categorical__route_BOMMEL,1.4244278233873325e-05,route_BOMMEL
categorical__route_CTUIKA,1.4059514865539514e-05,route_CTUIKA
categorical__route_OOLXIY,1.3963322437398511e-05,route_OOLXIY
categorical__route_COKWUH,1.3727080910170546e-05,route_COKWUH
categorical__route_HYDMRU,1.3604677283797634e-05,route_HYDMRU
categorical__route_LOPXIY,1.3244916467529796e-05,route_LOPXIY
categorical__route_MNLMRU,1.317641837429471e-05,route_MNLMRU
categorical__route_KOSPEK,1.317365768117927e-05,route_KOSPEK
categorical__route_DPSIKA,1.2700947642930078e-05,route_DPSIKA
categorical__route_DELJOG,1.2530597984544569e-05,route_DELJOG
categorical__route_TWUWUH,1.2475002157562156e-05,route_TWUWUH
categorical__route_MFMSYD,1.2235684806015568e-05,route_MFMSYD
categorical__route_HNDLOP,1.2174619647718457e-05,route_HNDLOP
categorical__route_HGHMYY,1.188801551351021e-05,route_HGHMYY
categorical__booking_origin_Slovenia,1.178372217942778e-05,booking_origin_Slovenia
categorical__route_CTUKBR,1.1692611222881222e-05,route_CTUKBR
categorical__route_BTUWUH,1.140643501192832e-05,route_BTUWUH
categorical__route_OOLTGG,1.1258234122713518e-05,route_OOLTGG
categorical__route_CKGHKT,1.1162342347830785e-05,route_CKGHKT
categorical__route_MRUTPE,1.0785741756950219e-05,route_MRUTPE
categorical__route_IKAKIX,1.0609165894443473e-05,route_IKAKIX
categorical__route_CKGTGG,1.0312232199355377e-05,route_CKGTGG
categorical__route_IKAKCH,1.0305715024349603e-05,route_IKAKCH
categorical__booking_origin_Cyprus,1.0292385098318688e-05,booking_origin_Cyprus
categorical__route_CTSMEL,1.0153358936950496e-05,route_CTSMEL
categorical__route_MELUTP,1.0127178517130948e-05,route_MELUTP
categorical__route_HKTKTM,1.0024260563001974e-05,route_HKTKTM
categorical__booking_origin_Maldives,9.903370726657531e-06,booking_origin_Maldives
categorical__booking_origin_Colombia,9.866853844873674e-06,booking_origin_Colombia
categorical__route_PEKRGN,9.82143562202377e-06,route_PEKRGN
categorical__route_LGKXIY,9.726780063268169e-06,route_LGKXIY
categorical__route_DACMRU,9.45048647832459e-06,route_DACMRU
categorical__route_URTXIY,9.293608945277521e-06,route_URTXIY
categorical__booking_origin_Egypt,9.239641363988014e-06,booking_origin_Egypt
categorical__booking_origin_Ghana,9.193361131091605e-06,booking_origin_Ghana
categorical__booking_origin_South Africa,9.03299392323149e-06,booking_origin_South Africa
categorical__booking_origin_Argentina,9.011334193338563e-06,booking_origin_Argentina
categorical__route_SUBWUH,8.606167093845606e-06,route_SUBWUH
categorical__route_SYDTWU,8.31650896254233e-06,route_SYDTWU
categorical__route_BTJJED,8.00367721895013e-06,route_BTJJED
categorical__route_OOLSUB,7.765797505101184e-06,route_OOLSUB
categorical__route_KWLPER,7.722854755421809e-06,route_KWLPER
categorical__booking_origin_Afghanistan,7.69318534999033e-06,booking_origin_Afghanistan
categorical__route_PERSWA,7.628394735900578e-06,route_PERSWA
categorical__booking_origin_Guam,7.593715317094569e-06,booking_origin_Guam
categorical__booking_origin_Slovakia,7.416500437138139e-06,booking_origin_Slovakia
categorical__route_IKAMFM,7.311848673896968e-06,route_IKAMFM
categorical__route_HNDMAA,7.30229393632321e-06,route_HNDMAA
categorical__route_BDOXIY,7.270608978273455e-06,route_BDOXIY
categorical__route_MRUSGN,7.241822467920386e-06,route_MRUSGN
categorical__route_MAAMRU,7.2347892647430425e-06,route_MAAMRU
categorical__route_GOISYD,7.157553100381774e-06,route_GOISYD
categorical__route_HDYHGH,7.078679350379867e-06,route_HDYHGH
categorical__route_BWNIKA,7.0633396733112355e-06,route_BWNIKA
categorical__route_JEDKNO,6.867765716438204e-06,route_JEDKNO
categorical__route_DELSZX,6.864330172863776e-06,route_DELSZX
categorical__route_JEDMEL,6.683660953618929e-06,route_JEDMEL
categorical__route_BBIPER,6.67427225321645e-06,route_BBIPER
categorical__route_TPEVTE,6.346108973756037e-06,route_TPEVTE
categorical__route_OOLWUH,6.287491959584183e-06,route_OOLWUH
categorical__route_AKLMRU,6.188088227237198e-06,route_AKLMRU
categorical__route_IKALOP,6.140329041362248e-06,route_IKALOP
categorical__route_DELURT,6.124288131454334e-06,route_DELURT
categorical__route_CSXPER,5.997616079574412e-06,route_CSXPER
categorical__route_LBUTPE,5.790515750905898e-06,route_LBUTPE
categorical__route_KNOWUH,5.429878892716982e-06,route_KNOWUH
categorical__route_KHHSYD,5.3737521323762e-06,route_KHHSYD
categorical__route_CEBPER,5.2269908107435336e-06,route_CEBPER
categorical__booking_origin_Gibraltar,5.212882129613268e-06,booking_origin_Gibraltar
categorical__booking_origin_Solomon Islands,4.99071871874951e-06,booking_origin_Solomon Islands
categorical__route_KIXKTM,4.966317238931053e-06,route_KIXKTM
categorical__route_KLOSYD,4.947304941217211e-06,route_KLOSYD
categorical__route_KHHOOL,4.903174852790005e-06,route_KHHOOL
categorical__route_AKLHGH,4.895041392652572e-06,route_AKLHGH
categorical__booking_origin_Tunisia,4.873822734668321e-06,booking_origin_Tunisia
categorical__route_MELURT,4.86914589258425e-06,route_MELURT
categorical__route_BBIMEL,4.6549143168358275e-06,route_BBIMEL
categorical__route_DELREP,4.604475823853709e-06,route_DELREP
categorical__booking_origin_Croatia,4.203876672037323e-06,booking_origin_Croatia
categorical__route_ICNVTE,4.1610913443933365e-06,route_ICNVTE
categorical__route_BOMOOL,4.087491883971924e-06,route_BOMOOL
categorical__route_KIXMRU,4.015822093885337e-06,route_KIXMRU
categorical__route_JEDPDG,4.002605758816776e-06,route_JEDPDG
categorical__route_KBRWUH,3.931085722209197e-06,route_KBRWUH
categorical__route_JOGPER,3.9283290706340464e-06,route_JOGPER
categorical__route_CTUSRG,3.717820328621658e-06,route_CTUSRG
categorical__booking_origin_Bulgaria,3.648834686715388e-06,booking_origin_Bulgaria
categorical__route_IKAPUS,3.617593452188993e-06,route_IKAPUS
categorical__route_ICNMRU,3.5661645341482356e-06,route_ICNMRU
categorical__route_IKASZX,3.381919555324272e-06,route_IKASZX
categorical__route_HKTJED,3.311983092076187e-06,route_HKTJED
categorical__route_CNXXIY,3.2948384759612343e-06,route_CNXXIY
categorical__route_MELSWA,3.2404513751078256e-06,route_MELSWA
categorical__route_SGNXIY,3.2358154475280406e-06,route_SGNXIY
categorical__booking_origin_Belarus,3.2309684770328424e-06,booking_origin_Belarus
categorical__booking_origin_Panama,3.172067854102507e-06,booking_origin_Panama
categorical__route_TPEURT,3.128122210886385e-06,route_TPEURT
categorical__booking_origin_Algeria,3.0880451785730497e-06,booking_origin_Algeria
categorical__route_SBWWUH,3.023179554592579e-06,route_SBWWUH
categorical__booking_origin_Malta,2.8990639438679806e-06,booking_origin_Malta
categorical__route_COKCTS,2.8487571361738587e-06,route_COKCTS
categorical__route_CTUDMK,2.7883787341784177e-06,route_CTUDMK
categorical__route_BBIOOL,2.710390459513419e-06,route_BBIOOL
categorical__booking_origin_Nicaragua,2.410939057282187e-06,booking_origin_Nicaragua
categorical__route_PERVTE,2.186316262029463e-06,route_PERVTE
categorical__booking_origin_Svalbard & Jan Mayen,2.0197682795789554e-06,booking_origin_Svalbard & Jan Mayen
categorical__route_JEDMNL,1.9114112010028824e-06,route_JEDMNL
categorical__route_MLEOOL,1.8462942385722591e-06,route_MLEOOL
categorical__route_HKGJED,1.731162043763607e-06,route_HKGJED
categorical__booking_origin_Timor-Leste,1.6244125188446119e-06,booking_origin_Timor-Leste
categorical__route_KOSOOL,1.4802442867324272e-06,route_KOSOOL
categorical__booking_origin_Paraguay,1.4490777454748902e-06,booking_origin_Paraguay
categorical__route_IKAPEK,1.271706999475694e-06,route_IKAPEK
categorical__route_SYDXIY,1.0440090722105903e-06,route_SYDXIY
categorical__route_CKGLOP,9.823907918538628e-07,route_CKGLOP
categorical__booking_origin_Jordan,9.357941595348797e-07,booking_origin_Jordan
categorical__route_SYDVTZ,9.039049886326742e-07,route_SYDVTZ
categorical__route_LPQMEL,8.362521649747449e-07,route_LPQMEL
categorical__route_MELWUH,7.673786750550978e-07,route_MELWUH
categorical__route_AKLHND,7.567089233476184e-07,route_AKLHND
categorical__route_LPQPER,6.422363222005293e-07,route_LPQPER
categorical__booking_origin_Norfolk Island,6.073465290504736e-07,booking_origin_Norfolk Island
categorical__route_KOSMEL,5.64998577633432e-07,route_KOSMEL
categorical__route_PERWUH,3.9466019213949296e-07,route_PERWUH
categorical__route_CNXDEL,3.9000230603283817e-07,route_CNXDEL
categorical__booking_origin_Lebanon,3.066014660880091e-07,booking_origin_Lebanon
categorical__route_LPQOOL,2.538856691450478e-07,route_LPQOOL
categorical__route_CMBCTS,2.4400498829998286e-07,route_CMBCTS
categorical__route_MELSZX,1.4663708467946387e-07,route_MELSZX
categorical__route_CSXSYD,1.3391925668054396e-07,route_CSXSYD
categorical__route_MELVTE,8.761501654070667e-08,route_MELVTE
categorical__route_DELRGN,4.551851347316611e-08,route_DELRGN
numerical__is_weekend,0.0,is_weekend
